ID,Surname,Email,Registration Date,Site
 1 ,Callahan,urangel@e,2020-08-26,http://www.escobar.org/
 2 ,Ferrell,xreese@h,2020-04-27,https://tyler-pugh.info/
 3 ,Andersen,haleybraun@b,2022-03-22,https://www.mack-bell.net/
 4 ,Ponce,hohailey@a,2020-07-02,https://delacruz-freeman.org/
 5 ,Mccormick,alvaradojesse@r,2021-01-17,https://welch.info/
 6 ,Lee,briangriffin@c,2021-08-13,https://www.roberts.com/
 7 ,Hoffman,bauergerald@m,2020-04-09,http://www.holt.com/
 8 ,Wiggins,changkellie@h,2021-04-02,http://carlson.com/
 9 ,Payne,mayerjerome@h,2020-11-26,https://www.glenn-snow.com/
 10 ,Franco,kentryan@s,2021-06-29,http://ruiz.com/
 11 ,Hawkins,danielbuckley@h,2021-05-02,https://www.newman.com/
 12 ,Shaffer,gabrielaleach@r,2021-04-07,https://www.hoffman-rubio.com/
 13 ,Moran,cartermallory@c,2020-02-28,https://hinton.info/
 14 ,Hammond,lweeks@h,2022-03-03,https://bush-huynh.org/
 15 ,Blackwell,calhounalisha@h,2021-03-30,https://barker-bishop.info/
 16 ,Newton,ypayne@g,2020-08-09,https://figueroa.com/
 17 ,Archer,nwu@b,2021-05-21,http://www.callahan.net/
 18 ,Griffin,harold11@m,2021-06-02,http://www.mclaughlin-hubbard.net/
 19 ,Valencia,andrewsanders@m,2021-04-17,http://www.myers.com/
 20 ,Ramsey,amy99@b,2020-12-30,http://www.larsen-floyd.biz/
 21 ,Meadows,basschristian@f,2020-01-01,https://chavez.com/
 22 ,Brock,ldelacruz@s,2021-06-27,https://www.norman.org/
 23 ,Pope,hayleyritter@p,2020-05-19,http://www.moyer.com/
 24 ,Stanton,yhebert@h,2020-01-23,http://young.com/
 25 ,Flynn,austinhobbs@b,2020-09-05,http://huerta-cordova.info/
 26 ,Williamson,zramos@h,2020-03-06,http://www.allison-clements.com/
 27 ,Calderon,shelley82@j,2021-06-17,http://www.larsen.org/
 28 ,Walton,sharigriffin@c,2020-11-15,https://quinn.biz/
 29 ,Mack,rpace@h,2021-03-01,http://www.macdonald-lyons.com/
 30 ,Jacobson,emullins@s,2021-09-02,http://www.guerra-armstrong.com/
 31 ,Harper,patricialeach@h,2020-07-06,http://www.barajas-hendrix.com/
 32 ,Mayer,mindy15@f,2020-07-15,http://perkins.com/
 33 ,Owens,jake39@l,2022-01-02,https://mckee-hill.net/
 34 ,Davies,mhudson@h,2021-03-09,https://www.bray.com/
 35 ,Cruz,nlane@k,2022-05-03,https://www.tran.net/
 37 ,Hubbard,savannah10@s,2021-03-17,https://www.velazquez-wright.com/
 38 ,Bennett,cristian16@h,2021-01-12,https://www.frederick.com/
 39 ,Hansen,jasmineaustin@w,2020-01-14,https://www.graves.info/
 40 ,Foster,samuel97@w,2020-10-29,https://www.schmitt.com/
 41 ,Medina,karlgarrett@f,2020-03-02,http://www.nicholson.org/
 42 ,Santana,biancahenry@h,2021-06-11,http://www.gates.net/
 43 ,Moreno,marisa13@h,2022-02-12,https://www.gillespie.biz/
 44 ,Bush,billymorris@l,2020-02-13,http://www.zhang.com/
 45 ,Davenport,barry91@h,2020-05-10,https://www.davenport.com/
 46 ,Terry,kdavies@o,2021-01-04,http://www.grimes-summers.com/
 47 ,Esparza,gregghendricks@c,2020-09-24,http://harris.net/
 48 ,Richard,alfredbradford@p,2022-04-17,https://www.delacruz.com/
 49 ,Moore,ngilmore@b,2021-12-25,https://www.tyler.com/
 50 ,Gillespie,vgilbert@r,2020-06-23,https://www.long-hickman.com/
 51 ,Lin,dgould@g,2021-10-06,https://johns-sharp.com/
 52 ,Thomas,fsuarez@c,2021-10-21,http://mcgrath.org/
 53 ,Fischer,natasha83@d,2020-01-26,https://spencer.com/
 54 ,West,mbonilla@h,2020-01-22,https://www.lindsey.org/
 55 ,Morton,basskaylee@l,2021-08-19,https://www.leblanc.com/
 56 ,Guerra,lfaulkner@v,2022-05-12,https://giles-newton.com/
 57 ,Shelton,maystiffany@d,2022-04-21,https://richmond.com/
 58 ,Meza,katie69@r,2020-11-12,https://nolan.com/
 59 ,Tapia,valerie35@o,2020-10-11,http://www.fernandez-fisher.com/
 60 ,Powell,ivanhiggins@c,2021-09-30,https://www.mcneil.com/
 61 ,Irwin,xcallahan@c,2021-06-26,https://www.nguyen.com/
 62 ,Hodge,melvindrake@f,2021-10-22,https://www.cain-allen.com/
 63 ,Drake,carpentergary@v,2022-03-03,https://www.snow.org/
 64 ,Tran,duartejohnathan@p,2020-09-02,https://www.knight.net/
 65 ,Webster,zbrock@b,2020-03-10,http://www.rush.biz/
 66 ,Mcclure,phelpsandres@h,2021-03-15,http://www.levine.com/
 67 ,Wu,nataliefarley@r,2021-10-05,http://carrillo.com/
 68 ,Bridges,daisyblair@w,2021-12-05,https://www.trevino.info/
 69 ,Washington,thomasnicholas@b,2021-09-26,https://www.wagner.org/
 70 ,Ayala,hburke@d,2020-12-05,https://www.copeland.org/
 71 ,Hooper,lonnielittle@h,2020-03-15,http://moyer.com/
 72 ,Robbins,qmcdaniel@c,2020-12-20,https://www.acevedo-macdonald.net/
 73 ,Cobb,austinvang@g,2021-06-22,https://deleon.com/
 74 ,Salas,shortfrederick@c,2020-01-12,https://www.roach.com/
 75 ,Long,yolanda69@r,2022-01-09,http://www.blankenship.com/
 77 ,Kemp,michaela80@r,2020-07-21,http://www.terrell.com/
 78 ,Horn,ashley39@g,2020-02-26,https://www.rodgers.biz/
 79 ,Spears,alan50@h,2021-09-13,https://valdez-li.org/
 80 ,Ortiz,hsantos@l,2020-05-21,http://whitehead.info/
 81 ,Ortega,robbinsgordon@d,2021-09-29,http://barr-salas.org/
 82 ,Cantu,meghanfernandez@p,2020-11-02,http://schaefer.com/
 83 ,Pittman,gabrielarobbins@h,2020-09-05,http://www.benson-keller.com/
 85 ,Cowan,qlarson@b,2021-09-24,http://www.potts-conrad.com/
 86 ,Chen,hmorgan@o,2020-04-30,https://ibarra.com/
 87 ,Stanley,charlottemercer@h,2020-12-12,http://watson-frye.org/
 88 ,Gallegos,escobarisabella@h,2020-10-13,https://kirk-skinner.com/
 89 ,Pruitt,jessica36@h,2021-08-17,https://www.mccormick.biz/
 90 ,Vaughan,ellen80@b,2020-10-22,http://jefferson.com/
 91 ,Bautista,chavezrandall@m,2020-05-27,https://www.anthony.net/
 92 ,Chase,gravesgrace@m,2020-06-23,http://wise-mendez.com/
 93 ,Hurley,hhuerta@m,2021-04-25,https://zimmerman.com/
 94 ,Huang,ydavid@p,2022-05-16,http://sampson-marshall.biz/
 95 ,Cummings,colealexander@t,2020-09-20,http://www.atkinson-may.com/
 96 ,Jackson,carpenterkylie@c,2021-02-11,http://henry.com/
 97 ,Chapman,adrian55@g,2022-04-14,https://www.gutierrez-lloyd.com/
 98 ,Cortez,bonillaalex@c,2021-03-20,http://www.mayer.com/
 99 ,Hendrix,maureen18@b,2020-12-24,http://mccarty-meza.info/
 100 ,Buchanan,ocole@s,2020-04-22,http://www.price.com/
 101 ,Moore,spencerbright@p,2021-12-10,https://wall-reid.com/
 102 ,Tanner,dawncoffey@b,2022-05-15,https://newton-esparza.net/
 103 ,Sims,anthonyzuniga@t,2021-07-27,http://moran.com/
 104 ,Strong,carrillokenneth@b,2021-10-22,https://allison.info/
 105 ,Mullins,mercedes11@f,2021-07-24,https://bates-christian.biz/
 106 ,Rush,dominguezparker@p,2021-12-12,http://hill.com/
 107 ,Hurst,vernonrush@h,2020-06-30,http://www.hurst-johnston.info/
 108 ,Collier,samantha34@m,2020-04-11,https://hendrix-pittman.biz/
 109 ,Sanchez,joconnor@c,2021-07-09,https://jones.com/
 110 ,Manning,toddmcmahon@b,2021-01-24,http://hurley.org/
 111 ,Forbes,veronicablankenship@p,2020-03-02,http://osborne.com/
 112 ,Ryan,swarren@b,2020-06-24,https://frederick.com/
 113 ,Short,garymelton@p,2020-01-03,http://www.lawrence.biz/
 114 ,Henry,mathisgloria@h,2020-07-05,https://silva.com/
 115 ,West,patrickfelicia@g,2020-12-29,https://henson.net/
 116 ,Gallagher,hortonmiguel@m,2021-02-06,https://morse.org/
 117 ,Wiley,preston76@h,2020-08-07,https://valencia.com/
 118 ,Merritt,moneal@h,2021-04-10,http://carpenter-estes.net/
 119 ,Mejia,beckyshaw@b,2021-07-23,http://cortez-cooper.com/
 120 ,Alvarez,kanthony@o,2020-08-30,https://www.butler.info/
 121 ,Berger,alexandraroy@j,2020-05-23,http://james.org/
 122 ,Daniel,ckhan@u,2020-03-25,https://www.chase.info/
 123 ,Mueller,joe34@s,2022-05-13,https://www.duffy-coffey.biz/
 124 ,Middleton,vernon36@b,2021-06-28,http://parrish.com/
 125 ,Fletcher,pammorales@j,2021-03-17,http://werner.org/
 126 ,Wong,paulcastaneda@b,2021-09-29,http://www.archer.com/
 127 ,Brock,sarahpotts@b,2020-05-07,https://alvarado.com/
 128 ,Petersen,wwhite@p,2021-09-12,https://www.kaufman-ho.com/
 130 ,Fuller,orice@d,2020-10-04,http://tapia-davis.com/
 131 ,Klein,damon39@t,2020-02-13,http://www.drake.com/
 132 ,Richards,watkinsevan@w,2021-12-20,https://www.rojas.net/
 133 ,Fitzpatrick,meredith05@l,2020-06-17,https://hale-montes.com/
 135 ,Gregory,lacey04@c,2021-10-28,http://www.nguyen-curry.com/
 136 ,Mckay,travisfoley@b,2021-05-25,https://blake.net/
 137 ,Rhodes,hmccarty@s,2022-01-15,https://atkins.com/
 138 ,Byrd,alisonsanders@d,2020-04-26,https://www.mack.biz/
 139 ,Miller,bjordan@s,2022-01-15,http://www.cordova.com/
 140 ,Marsh,damonhowe@l,2021-07-15,https://newman.com/
 141 ,Paul,tasha85@w,2021-11-27,http://gray.com/
 142 ,Oconnell,oneilldamon@s,2021-09-26,http://barr-faulkner.info/
 143 ,Bradshaw,weaverclinton@z,2021-12-25,https://www.walton.biz/
 144 ,Chase,xtapia@h,2022-04-25,https://patel.com/
 145 ,Crawford,fenglish@w,2021-11-18,https://www.wells-simon.info/
 146 ,Vance,brendanbarrera@g,2022-04-17,https://frey.com/
 147 ,Sanford,peggy95@p,2021-05-18,https://www.donaldson-norman.com/
 148 ,Singleton,kerriray@o,2021-10-29,http://www.singleton.com/
 149 ,Sutton,nichole45@m,2021-09-19,https://www.thompson.org/
 150 ,Eaton,daltonrangel@p,2021-04-27,http://www.elliott-tyler.org/
 151 ,Huff,vmyers@n,2021-08-01,https://garner.net/
 152 ,Pollard,weavermeagan@s,2020-03-02,https://fox.biz/
 153 ,Hunter,hebertdarin@k,2020-03-22,http://www.small.com/
 154 ,Miles,elizabethcopeland@m,2021-09-17,http://bautista.com/
 155 ,May,cannonshirley@c,2021-09-08,https://www.brock.com/
 156 ,Garza,dana05@h,2021-01-23,http://www.larson.com/
 157 ,Brown,willie99@s,2021-09-08,http://sloan.info/
 158 ,Oconnell,lunakirsten@z,2020-06-15,https://howard-crawford.com/
 159 ,Garrett,marthaguerra@a,2020-04-30,http://www.campos.org/
 160 ,Bender,joanne07@p,2020-10-12,http://www.huffman.com/
 161 ,Harrison,jerry26@h,2020-10-31,http://curry.com/
 162 ,Fowler,katie93@n,2020-08-27,https://www.whitehead.org/
 163 ,Golden,gacosta@s,2020-03-31,http://www.best.com/
 164 ,Lawson,madisoncarey@s,2020-10-31,https://hinton.com/
 165 ,Vaughan,kari95@h,2021-01-31,https://weber.net/
 166 ,Hoover,tiffany09@p,2021-05-27,http://wilcox.com/
 167 ,Boyle,davefarmer@n,2022-01-13,http://www.walter.info/
 168 ,Noble,lydiameyers@f,2020-06-24,http://www.escobar.com/
 169 ,Molina,timothyrivera@w,2020-09-18,https://www.bridges.biz/
 170 ,Christian,harmonmadison@f,2020-10-19,https://nash.info/
 171 ,Estes,vincent58@n,2021-02-08,https://www.mendez-duran.com/
 172 ,Myers,brandibarker@p,2021-07-05,http://cantu.com/
 173 ,Barker,lindsayrocha@p,2021-07-03,http://www.orozco.biz/
 174 ,Huerta,daniel75@h,2020-09-17,http://mitchell.com/
 175 ,Knight,eschultz@s,2020-08-05,https://vincent.com/
 176 ,Booth,perry87@n,2021-10-12,https://molina.com/
 177 ,Guerra,frederickmisty@c,2021-01-25,http://palmer-chan.org/
 178 ,Murillo,jodonnell@o,2021-05-18,http://www.medina.info/
 179 ,Lawrence,ehampton@l,2021-03-16,https://www.butler.com/
 180 ,Ewing,evansstuart@g,2021-12-16,http://mata.com/
 181 ,Pacheco,kristina23@c,2020-05-05,https://galvan-lucero.org/
 182 ,Browning,gabriellanorton@r,2021-04-17,http://www.pena.com/
 183 ,Woods,lonnieguerra@c,2020-10-17,https://wallace.com/
 184 ,Lopez,cowandeanna@h,2020-11-24,http://frye.com/
 185 ,Small,reginahancock@w,2021-01-17,http://haney.biz/
 186 ,Kirk,jasmin18@j,2021-04-25,http://lam-villanueva.com/
 187 ,Arellano,sandy44@t,2020-11-13,https://bradford.com/
 188 ,Hayden,gravesalisha@h,2021-11-24,https://www.li.biz/
 189 ,Bullock,bcole@s,2020-03-23,http://www.bernard-archer.info/
 191 ,Leonard,jessica41@k,2020-10-19,http://www.meadows.org/
 192 ,Mcfarland,guymorrow@r,2020-06-14,https://www.horne.com/
 193 ,Steele,manuel95@h,2020-09-27,http://www.maldonado.com/
 194 ,Boone,yreyes@r,2020-01-29,https://li.com/
 195 ,Moyer,russorussell@g,2020-12-30,https://franklin.com/
 196 ,Reese,craigwhitney@c,2020-04-10,https://randolph.com/
 197 ,Bullock,cwolf@a,2021-09-30,http://www.wise-horton.com/
 198 ,Paul,bweaver@l,2020-04-10,https://www.mccarty.biz/
 199 ,Cardenas,wflynn@a,2021-03-10,https://www.anderson.com/
 200 ,Velez,pcannon@c,2021-04-17,http://www.pacheco.com/
 201 ,Collins,luis12@b,2020-11-06,http://flynn-cameron.info/
 202 ,Harper,fieldskelly@b,2020-03-22,http://macias-duffy.com/
 203 ,Serrano,vwhite@p,2022-03-17,https://www.lambert-smith.biz/
 204 ,Robbins,cuevasgeorge@n,2022-03-24,https://mccarthy.com/
 205 ,Abbott,breanna32@m,2020-12-31,https://www.jordan-phelps.org/
 206 ,Cantrell,kwarner@b,2021-09-04,http://powers-bird.com/
 207 ,Washington,sharpgreg@r,2021-03-01,https://www.stone.com/
 209 ,Suarez,usloan@h,2022-01-16,https://www.duncan.org/
 210 ,Washington,ariana05@k,2021-01-10,http://www.conrad.com/
 211 ,Hamilton,edward56@p,2020-10-02,http://jones.com/
 212 ,Fletcher,gcollier@g,2021-08-22,https://rhodes-hutchinson.org/
 213 ,Morse,woodsdevin@m,2020-05-17,https://www.wheeler-wong.com/
 215 ,Pruitt,mcbridekylie@m,2020-10-21,http://johnson.net/
 216 ,Peterson,rothkerry@a,2021-08-04,http://www.miranda.info/
 217 ,Pearson,jerrygates@g,2022-01-13,https://burnett.com/
 218 ,Meadows,jack76@c,2021-09-09,https://www.hunter.com/
 219 ,Dickson,kaitlinbooth@h,2020-08-17,https://www.rhodes.biz/
 220 ,Shannon,hillterrance@g,2021-02-01,http://mccann.com/
 221 ,Vasquez,mosleyross@l,2021-01-28,http://www.weiss.com/
 222 ,Oconnell,malik63@f,2022-03-03,http://www.gray.org/
 224 ,Walker,luceromaxwell@w,2021-01-15,http://hodge-ramirez.com/
 225 ,Shah,luis82@s,2020-07-05,http://www.butler.biz/
 226 ,Mitchell,lauren64@f,2020-12-05,http://mckee.com/
 227 ,Schmidt,elutz@m,2021-05-11,https://www.payne.com/
 228 ,Simpson,knappalisha@f,2020-03-01,http://www.robbins.biz/
 229 ,Keith,yolanda40@r,2020-05-03,http://www.murray-woodard.net/
 230 ,Hoffman,xortiz@g,2021-12-17,https://beltran.com/
 231 ,Tyler,obates@b,2020-10-26,https://freeman-maddox.com/
 232 ,Ford,sabrinaerickson@w,2020-09-10,http://odom.info/
 233 ,Gates,xrollins@m,2020-02-11,https://www.hood-decker.com/
 234 ,Gaines,yolanda53@t,2022-01-26,https://www.marshall.com/
 235 ,Wilson,lucas94@b,2021-02-16,https://booth-guzman.info/
 236 ,Jordan,wisediane@d,2021-03-15,http://bowers-ashley.com/
 237 ,Stafford,tonyaruiz@f,2020-03-27,http://www.hatfield.com/
 238 ,Saunders,triciarichards@s,2021-03-30,http://www.hurley.com/
 239 ,Barrera,philip88@c,2021-12-29,http://www.boyle-archer.net/
 240 ,Bullock,josephchaney@r,2021-07-13,https://www.huff.com/
 241 ,Stuart,shanecuevas@t,2020-10-01,http://rubio.com/
 242 ,Lamb,aserrano@w,2021-03-02,http://gordon.org/
 243 ,Huang,ericksoncheyenne@t,2020-10-09,https://harris-houston.biz/
 244 ,Hendricks,dorothy66@h,2022-05-10,https://suarez.com/
 245 ,Ramos,oscar33@h,2022-03-23,https://maynard-madden.net/
 246 ,Carpenter,jacobskurt@d,2020-12-18,http://www.mathews.com/
 247 ,Whitehead,iosborn@b,2020-11-08,http://levine-francis.com/
 248 ,Arnold,walterfrye@g,2020-04-12,http://christian.com/
 249 ,Lawrence,samuelwelch@r,2020-08-17,https://bush.com/
 250 ,Moran,wcole@b,2021-10-18,https://www.roth-haney.com/
